1610531034,1,0.291384623,4743.482057,346.7791597,21.98351448
1610531034,2,0.301692883,4564.053704,354.9342396,21.04559732
1610531034,3,0.28605446,4501.855488,312.580298,20.94637595
1610531034,4,0.279806666,4390.853054,315.4034859,20.37724784
1610531034,5,0.278461974,4266.296157,309.9775227,19.78159317
1610531035,6,0.282030243,3874.559405,306.7614678,17.83898968
1610531035,7,0.282246167,3757.991924,312.813641,17.22589142
1610531035,8,0.284544171,3514.135816,313.9523323,16.00091742
1610531035,9,0.269936263,3698.351672,317.9677312,16.90191971
1610531035,10,0.275600131,3437.61758,280.0211895,15.78798195
1610531035,11,0.266550856,3396.827299,291.6930244,15.52567137
1610531036,12,0.269952856,3221.688887,299.2080659,14.6124041
1610531036,13,0.263431489,3224.655646,311.5570122,14.56549317
1610531036,14,0.264743482,3197.958508,286.999216,14.55479646
1610531036,15,0.259378717,3215.971412,303.4658351,14.56252789
1610531036,16,0.262312371,2844.923024,296.9960074,12.73963508
1610531036,17,0.264900144,2980.306695,280.4207365,13.49942979
1610531037,18,0.257547164,3019.965411,264.8887482,13.77538331
1610531037,19,0.265686547,2818.55322,282.850879,12.67851171
1610531037,20,0.250140861,2993.421766,278.7998622,13.57310952
1610531037,21,0.257636178,2797.60848,299.362132,12.49123174
1610531037,22,0.259158597,2718.060548,300.1994031,12.08930572
1610531037,23,0.259223472,2697.887198,290.7066184,12.0359029
1610531038,24,0.246032958,2606.238302,271.2096278,11.67514337
1610531038,25,0.249011977,2671.994135,265.4722943,12.0326092
1610531038,26,0.249205031,2528.272893,286.8705785,11.20701157
1610531038,27,0.246261261,2378.028929,279.0289807,10.49499974
1610531038,28,0.242015283,2516.022045,255.0775387,11.30472253
1610531038,29,0.246550073,2375.831866,282.2096449,10.46811111
1610531039,30,0.243015322,2358.90678,252.385387,10.53260696
1610531039,31,0.242848015,2389.113623,269.6043928,10.59754615
1610531039,32,0.24036721,2321.37305,264.4864935,10.28443278
1610531039,33,0.238411212,2285.223024,268.7445603,10.08239232
1610531039,34,0.24415328,2304.679825,261.482478,10.21598674
1610531040,35,0.246314707,2222.23069,255.5852118,9.833227392
1610531040,36,0.239203149,2188.235827,251.4075438,9.684141414
1610531040,37,0.242585506,2140.053125,261.8199838,9.391165705
1610531040,38,0.239918851,2150.326319,257.2447168,9.465408011
1610531040,39,0.237464466,2124.788528,268.9956591,9.278964347
1610531040,40,0.231051262,1986.625211,244.3108575,8.711571765
1610531040,41,0.238470538,2004.991922,246.6724626,8.791597298
1610531041,42,0.234329565,1946.795962,250.4769018,8.481595302
1610531041,43,0.234660687,1920.864991,254.5103191,8.331773361
1610531041,44,0.238743995,1964.607465,263.688015,8.504597252
1610531041,45,0.232464463,1906.728536,233.7865273,8.364710045
1610531041,46,0.227661077,1918.177881,249.5267934,8.343255437
1610531041,47,0.229582154,1887.875592,246.7912587,8.205421664
1610531042,48,0.226220604,1814.130861,247.3282006,7.8340133
1610531042,49,0.222530883,1907.023892,239.4322687,8.337958119
1610531042,50,0.227391052,1827.767694,249.0436082,7.89362043
1610531042,51,0.234624634,1800.189437,242.0887861,7.790503255
1610531042,52,0.226632695,1848.653314,245.6827841,8.014852648
1610531043,53,0.222232175,1872.487641,233.91136,8.192881406
1610531043,54,0.23546819,1869.388715,224.2227208,8.225829972
1610531043,55,0.225645557,1916.718308,236.0800094,8.403191494
1610531043,56,0.225754015,1819.085519,250.3130858,7.843862164
1610531043,57,0.226578319,1819.049753,244.6710458,7.871893537
1610531043,58,0.221312541,1751.144231,229.8750852,7.60634573
1610531044,59,0.222690358,1755.120939,237.436148,7.588423957
1610531044,60,0.219008795,1760.050919,232.8256086,7.636126549
1610531044,61,0.220185619,1750.361869,228.1196436,7.611211128
1610531044,62,0.22966982,1686.71652,231.6889305,7.275137948
1610531044,63,0.221447526,1677.118125,218.5049119,7.293066066
1610531044,64,0.219880748,1631.053732,225.5742643,7.02739734
1610531045,65,0.222408024,1629.651792,222.6642169,7.034937873
1610531045,66,0.222770141,1685.71412,224.9897744,7.303621727
1610531045,67,0.21942753,1664.712869,231.3982212,7.166573237
1610531045,68,0.217817095,1678.237287,213.2852195,7.324760338
1610531045,69,0.223451927,1551.925166,211.2253409,6.703499127
1610531046,70,0.217289359,1574.724122,222.2100953,6.762570131
1610531046,71,0.222173272,1621.337281,228.0103836,6.966634486
1610531046,72,0.217500241,1587.728937,206.1816953,6.907736209
1610531046,73,0.218001551,1586.895549,212.9919739,6.869517877
1610531046,74,0.217429973,1549.448654,220.9449024,6.642518756
1610531046,75,0.213822481,1540.944941,213.8649096,6.635400154
1610531047,76,0.217546198,1531.870677,222.3874971,6.547415901
1610531047,77,0.211663247,1535.991276,219.7967635,6.580972563
1610531047,78,0.213200568,1468.721583,208.3054081,6.302080874
1610531047,79,0.219156621,1507.294192,204.8620841,6.51216054
1610531047,80,0.217762855,1508.732435,215.9930937,6.463696707
1610531047,81,0.219614874,1511.112299,219.259447,6.459264261
1610531048,82,0.2176539,1526.926955,208.0751571,6.594258991
1610531048,83,0.212146001,1481.357177,204.4383381,6.384594194
1610531048,84,0.221008012,1448.153149,204.3936752,6.21879737
1610531048,85,0.213907001,1436.033916,197.3982295,6.19317843
1610531048,86,0.220400121,1468.524107,195.8276019,6.363482526
1610531048,87,0.213621812,1452.895031,204.279643,6.243076942
1610531048,88,0.214267423,1474.765076,186.6115637,6.440767561
1610531049,89,0.217738069,1397.910301,210.0762144,5.939170435
1610531049,90,0.210337665,1441.322101,200.6382677,6.203419165
1610531049,91,0.215954756,1440.255583,198.3545767,6.20950503
1610531049,92,0.214375679,1408.532174,203.1513582,6.02690408
1610531049,93,0.22035269,1423.804476,196.1108473,6.138468143
1610531050,94,0.208921843,1436.355622,198.4002723,6.189776747
1610531050,95,0.210997594,1378.626243,189.7498893,5.944381768
1610531050,96,0.215833985,1360.099651,198.1833626,5.809581442
1610531050,97,0.21393754,1371.588432,195.8042891,5.878920716
1610531050,98,0.21238064,1413.102647,193.9285409,6.095870531
1610531050,99,0.215517157,1362.268977,184.1724734,5.890482517
1610531051,100,0.214759429,1362.794499,183.1897428,5.898023783
1610531051,101,0.212736146,1317.952062,177.4344324,5.702588148
1610531051,102,0.207522578,1315.978886,190.3364113,5.628212375
1610531051,103,0.209788577,1325.326978,187.1966763,5.690651507
1610531051,104,0.209619016,1371.859769,188.9149188,5.91472425
1610531051,105,0.213006759,1336.172433,187.530526,5.743209534
1610531052,106,0.210407926,1312.45919,176.1651693,5.681470101
1610531052,107,0.215793418,1274.549288,176.5619249,5.489936814
1610531052,108,0.214434598,1307.601265,182.8076283,5.623968185
1610531052,109,0.208435627,1317.085941,194.4913885,5.612972763
1610531052,110,0.205706497,1278.793575,181.2680342,5.487627706
1610531052,111,0.204730328,1290.980341,172.0203299,5.594800055
1610531053,112,0.207589445,1282.207544,174.9157613,5.536458915
1610531053,113,0.211235249,1254.490636,169.0417714,5.427244325
1610531053,114,0.208796446,1242.5541,174.6790378,5.339375311
1610531053,115,0.211634929,1209.501179,177.1403445,5.161804172
1610531053,116,0.210511189,1228.392536,176.5283587,5.259320886
1610531053,117,0.211572687,1238.662102,178.6990162,5.29981543
1610531054,118,0.205967689,1252.238054,162.4897416,5.44874156
1610531054,119,0.205568177,1265.577742,176.4157133,5.445810142
1610531054,120,0.206622809,1207.204239,162.7626566,5.22220791
1610531054,121,0.20844198,1174.334248,169.2178123,5.025582181
1610531054,122,0.205095321,1237.080564,172.1101435,5.324852102
1610531054,123,0.205809566,1223.969823,172.1145258,5.259276485
1610531055,124,0.204263076,1223.058757,172.5932817,5.252327378
1610531055,125,0.202978999,1233.519339,168.8875914,5.323158738
1610531055,126,0.209138414,1204.158249,173.0083795,5.155749346
1610531055,127,0.208591839,1187.11828,177.5867858,5.04765747
1610531055,128,0.202888918,1182.441797,163.7082954,5.093667508
1610531055,129,0.203282257,1139.583834,164.565336,4.875092492
1610531056,130,0.205798625,1145.022969,157.7818825,4.936205434
1610531056,131,0.20627068,1126.54465,163.1956993,4.816744754
1610531056,132,0.204682482,1192.14086,158.1461661,5.169973471
1610531056,133,0.207428154,1156.71091,151.9892628,5.023608237
1610531056,134,0.203911429,1139.72376,161.0663325,4.893287138
1610531056,135,0.203656481,1120.304022,161.6170469,4.793434877
1610531057,136,0.203460242,1159.307898,167.3425837,4.959826573
1610531057,137,0.202232183,1117.899785,161.9058793,4.779969526
1610531057,138,0.208961318,1116.301456,156.6866476,4.798074044
1610531057,139,0.206159451,1134.846266,153.2347663,4.908057501
1610531057,140,0.203613386,1140.703856,149.4973776,4.956032393
1610531057,141,0.202864294,1108.311136,144.1957386,4.820576987
1610531058,142,0.200229697,1144.316583,164.1209279,4.900978273
1610531058,143,0.197861772,1068.434821,151.5686292,4.58433096
1610531058,144,0.199525376,1082.111124,157.2066321,4.62452246
1610531058,145,0.197388668,1105.002017,156.3420049,4.743300059
1610531058,146,0.203113943,1074.450159,150.96152,4.617443196
1610531059,147,0.200699986,1114.35833,156.4930684,4.78932631
1610531059,148,0.203069852,1100.114275,161.0835236,4.695153758
1610531059,149,0.20012303,1056.282258,154.3290984,4.509765798
1610531059,150,0.199757537,1102.406959,154.3541136,4.740264225
1610531059,151,0.199339989,1069.450403,151.5981614,4.589261209
1610531059,152,0.203245252,1038.948677,143.7047951,4.476219408
1610531060,153,0.201697617,1090.091505,152.8556688,4.686179182
1610531060,154,0.19803625,1064.042459,149.660059,4.571912
1610531060,155,0.197273466,1043.98022,143.7183023,4.50130959
1610531060,156,0.195030774,1025.922292,130.0397252,4.479412833
1610531060,157,0.199644722,1034.158707,153.8896422,4.401345327
1610531060,158,0.205849369,1041.136524,149.6543807,4.457410717
1610531061,159,0.202296045,1076.307509,143.7803501,4.662635792
1610531061,160,0.196709627,1006.746615,145.2742555,4.307361795
1610531061,161,0.198263331,1025.859748,147.0655232,4.393971122
1610531061,162,0.19920973,994.4935263,139.758708,4.273674092
1610531061,163,0.200115295,980.1448574,140.5514677,4.197966948
1610531061,164,0.195757032,1006.262759,127.3304422,4.394661583
1610531062,165,0.201633874,998.2946895,133.4745902,4.324100497
1610531062,166,0.194100518,1020.642885,133.0353123,4.438037864
1610531062,167,0.203997582,964.9650534,131.0854929,4.169397802
1610531062,168,0.197688064,1040.429956,140.3876438,4.500211559
1610531062,169,0.198935039,980.4925572,140.8811165,4.198057203
1610531062,170,0.199172926,966.5413167,137.0325987,4.14754359
1610531063,171,0.197890281,974.036438,133.6505789,4.201929295
1610531063,172,0.195870733,1003.603584,140.7438128,4.314298855
1610531063,173,0.195639958,972.0210081,144.6697473,4.136756304
1610531063,174,0.194875259,973.8490642,138.4522567,4.176984037
1610531063,175,0.196164889,966.8380757,138.627858,4.141051088
1610531063,176,0.196729406,963.2160768,133.2168689,4.14999604
1610531064,177,0.193930896,949.6865932,128.0711635,4.108077148
1610531064,178,0.194595954,973.929458,138.3137339,4.178078621
1610531064,179,0.202249888,965.8145963,132.6944742,4.165600611
1610531064,180,0.197185358,942.1952486,132.6749182,4.047601652
1610531064,181,0.194117528,947.9133589,135.3640618,4.062746486
1610531064,182,0.197478104,903.168902,128.7845445,3.871921788
1610531065,183,0.200936604,991.3150487,130.3813792,4.304668347
1610531065,184,0.196270399,951.0609373,126.4387007,4.123111183
1610531065,185,0.192402337,949.8046301,132.6752284,4.085647008
1610531065,186,0.195431475,942.3397034,125.8924389,4.082236322
1610531065,187,0.194913652,918.4429887,128.4427789,3.950001049
1610531065,188,0.194771694,911.1339631,122.2570014,3.944384808
1610531066,189,0.196099039,917.6182152,132.9570566,3.923305793
1610531066,190,0.200168101,875.6460283,126.037344,3.748043422
1610531066,191,0.197881561,884.2712673,119.7276055,3.822718309
1610531066,192,0.19546382,901.9239228,129.1088401,3.864075413
1610531066,193,0.1935036,931.8969583,122.7553874,4.045707854
1610531067,194,0.197485437,883.3687751,128.7278499,3.773204626
1610531067,195,0.197266807,925.825432,131.2674245,3.972790038
1610531067,196,0.193595056,892.5933858,122.3667839,3.85113301
1610531067,197,0.191235299,873.9482152,120.6241199,3.766620476
1610531067,198,0.192563676,895.0249843,123.2341317,3.858954263
1610531067,199,0.195279594,887.4842378,125.3762093,3.810540142
1610531068,200,0.19811952,899.7076365,126.5233623,3.865921371
1610531068,201,0.193826145,864.4399355,122.4045512,3.710176921
1610531068,202,0.196256386,869.4027082,124.5003653,3.724511715
1610531068,203,0.192688208,898.7382792,118.0162408,3.903610192
1610531068,204,0.192955675,895.6665084,114.1627564,3.90751876
1610531068,205,0.192907469,866.3920864,123.9409388,3.712255738
1610531069,206,0.194441391,889.9088422,127.4556007,3.812266207
1610531069,207,0.189480854,827.2206822,113.8564431,3.566821196
1610531069,208,0.195016413,852.5137429,121.1190179,3.656973625
1610531069,209,0.193493029,873.7258179,117.1572368,3.782842906
1610531069,210,0.194832236,847.4681143,115.3284667,3.660698238
1610531069,211,0.187819869,856.8151702,118.9089523,3.689531089
1610531070,212,0.194181275,857.2361995,120.3769663,3.684296166
1610531070,213,0.195752805,839.7918506,107.3966428,3.661976039
1610531070,214,0.192077657,876.3584799,113.3212801,3.815185999
1610531070,215,0.191815689,843.5430493,101.4486716,3.710471888
1610531070,216,0.18843149,842.17952,111.4729945,3.653532628
1610531070,217,0.196052639,817.1963063,111.0600716,3.530681173
1610531071,218,0.188464841,833.1087213,107.8990056,3.626048579
1610531071,219,0.186200489,801.9648022,121.3134535,3.403256743
1610531071,220,0.188641718,815.3717497,102.7290252,3.563213623
1610531071,221,0.192829497,824.1744579,108.2874116,3.579435232
1610531071,222,0.189073911,828.4309044,113.5969117,3.574169963
1610531072,223,0.189374853,837.5498833,113.7182076,3.619158378
1610531072,224,0.191019446,797.5825317,113.4815832,3.420504742
1610531072,225,0.194481848,781.3799364,102.9283798,3.392257783
1610531072,226,0.19139237,835.3746928,106.6034781,3.643856073
1610531072,227,0.190331553,792.7338718,105.6901454,3.435218632
1610531072,228,0.191827089,798.6572201,108.5825119,3.450373541
1610531072,229,0.191646475,804.5894067,101.5864724,3.515014672
1610531073,230,0.19141552,816.6413722,109.4012336,3.536200693
1610531073,231,0.186965337,798.7172798,102.9614012,3.478779393
1610531073,232,0.18769409,796.7996642,107.0770656,3.448612993
1610531073,233,0.189322888,743.2773886,103.8415458,3.197179214
1610531073,234,0.191342622,792.5014413,103.4514735,3.445249839
1610531074,235,0.189516647,778.4292094,105.1392069,3.366450012
1610531074,236,0.18857079,771.9446595,100.2939819,3.358253388
1610531074,237,0.189198051,798.3708608,112.0135458,3.431786575
1610531074,238,0.190290633,763.885105,102.6619967,3.306115541
1610531074,239,0.186352628,774.3641095,103.6970541,3.353335277
1610531074,240,0.190911261,771.2369853,105.4790812,3.32878952
1610531075,241,0.187012233,762.6475871,100.231167,3.312082101
1610531075,242,0.18588886,745.5164547,97.57303411,3.239717103
1610531075,243,0.189470589,745.9137885,100.6415013,3.226361436
1610531075,244,0.190270659,755.77,97.97126653,3.288993667
1610531075,245,0.187378313,767.3271052,102.8539487,3.322365782
1610531075,246,0.188962174,758.0041446,97.91316155,3.300454915
1610531076,247,0.188182625,761.3882568,99.38975386,3.309992515
1610531076,248,0.184716493,743.8749595,98.31717387,3.227788928
1610531076,249,0.191078293,769.675757,102.5447799,3.335654886
1610531076,250,0.184620878,734.0815999,96.93526553,3.185731672
1610531076,251,0.18637052,727.1240663,99.62148059,3.137512928
1610531076,252,0.191787015,712.7066147,97.35497332,3.076758207
1610531077,253,0.187933357,772.3117701,100.9934305,3.356591698
1610531077,254,0.186149269,697.5395094,90.49337752,3.035230659
1610531077,255,0.189003823,717.6982323,97.46436041,3.101169359
1610531077,256,0.188856145,724.5913111,90.62510041,3.169831053
1610531077,257,0.191020102,734.5241473,90.43857782,3.220427847
1610531077,258,0.187271097,735.2885681,100.4523005,3.174181338
1610531078,259,0.186259455,723.46327,90.68465927,3.163893054
1610531078,260,0.188362116,733.5600107,97.48005996,3.180399753
1610531078,261,0.18204998,730.428374,98.81131628,3.158085288
1610531078,262,0.182294655,708.1551843,96.47738941,3.058388975
1610531078,263,0.188816177,727.6108419,94.97936641,3.163157378
1610531078,264,0.192416731,702.2806643,91.5981111,3.053412766
1610531079,265,0.187272917,730.9376369,93.17830683,3.18879665
1610531079,266,0.189116925,708.3754278,91.85187729,3.082617752
1610531079,267,0.185108502,719.5723538,85.93852831,3.168169127
1610531079,268,0.188435955,691.9044296,92.67111054,2.996166595
1610531079,269,0.18410291,677.8065706,90.34873548,2.937289176
1610531079,270,0.186238059,691.0392085,90.29592945,3.003716395
1610531080,271,0.183590271,719.1135592,92.7796371,3.131669611
1610531080,272,0.182073862,680.7680782,87.70972815,2.96529175
1610531080,273,0.183445525,693.7355792,90.10461904,3.018154801
1610531080,274,0.18727411,683.8717252,88.81129526,2.97530215
1610531080,275,0.188124371,673.8528309,85.40647756,2.942231767
1610531081,276,0.184575474,689.9249176,90.55261109,2.996861532
1610531081,277,0.180745373,686.7576112,82.80110963,3.019782508
1610531081,278,0.184944661,700.3722337,85.69729301,3.073374703
1610531081,279,0.184645811,681.2177022,84.57601277,2.983208447
1610531081,280,0.18358487,654.9108773,90.54280383,2.821840367
1610531081,281,0.183826215,655.6054976,84.78993826,2.854077797
1610531082,282,0.184441891,649.1314521,86.72123061,2.812051108
1610531082,283,0.184638455,671.7681642,89.12313684,2.913225137
1610531082,284,0.185699104,673.6632976,78.26226494,2.977005163
1610531082,285,0.183790434,676.9244848,87.229521,2.948474819
1610531082,286,0.181732611,659.673035,87.758793,2.85957121
1610531082,287,0.181457644,664.3046803,82.3921511,2.909562646
1610531083,288,0.18334518,653.8181247,85.12433397,2.843468953
1610531083,289,0.183474664,642.6605726,83.12471694,2.797679278
1610531083,290,0.183678134,653.1827875,79.29352914,2.869446292
1610531083,291,0.181475215,628.3859626,78.42393366,2.749810145
1610531083,292,0.185699805,649.7276147,81.01438816,2.843566133
1610531083,293,0.186748568,651.7347848,79.78892722,2.859729288
1610531084,294,0.180499878,632.9827551,83.03989311,2.74971431
1610531084,295,0.185068985,630.4010782,83.42303469,2.734890218
1610531084,296,0.182409133,637.4454835,86.23891323,2.756032851
1610531084,297,0.180601309,637.2436889,83.29282161,2.769754336
1610531084,298,0.182752231,606.6215167,81.94708858,2.623372141
1610531084,299,0.183872287,637.5570762,82.80688324,2.773750965
1610531085,300,0.181221652,655.5496722,76.83911671,2.893552777
1610531085,301,0.181110521,667.4373815,85.46351151,2.90986935
1610531085,302,0.182582934,630.7392209,73.69871665,2.785202521
1610531085,303,0.182602483,649.9327051,83.3429925,2.832948563
1610531085,304,0.182003799,630.2585382,79.49973421,2.75379402
1610531085,305,0.181978633,616.8769209,81.5741855,2.676513677
1610531086,306,0.181710148,608.0924075,81.35101296,2.633706973
1610531086,307,0.180621858,624.3888399,79.44292156,2.724729592
1610531086,308,0.179272204,605.5916047,80.26397987,2.626638124
1610531086,309,0.177245727,616.5312878,80.67626298,2.679275124
1610531086,310,0.178202017,625.7033595,80.26023297,2.727215633
1610531087,311,0.181723146,622.3892322,75.52259641,2.734333179
1610531087,312,0.18184927,618.1468711,80.07243928,2.690372159
1610531087,313,0.186391373,612.7791782,76.14943094,2.683148736
1610531087,314,0.181008742,622.9757304,74.40829179,2.742837193
1610531087,315,0.181422755,594.5972492,74.52406561,2.600365918
1610531087,316,0.18117848,595.5365598,74.38103117,2.605777643
1610531088,317,0.181474082,598.0936724,78.1737658,2.599599533
1610531088,318,0.182604599,611.8245699,73.44048231,2.691920438
1610531088,319,0.178025892,596.8292224,79.32027947,2.587544714
1610531088,320,0.177461756,612.2200362,75.32529192,2.684473721
1610531088,321,0.177811595,613.4755664,72.40269987,2.705364333
1610531088,322,0.180479972,589.6161448,73.09832844,2.582589082
1610531088,323,0.178888565,574.962812,75.4863606,2.497382257
1610531089,324,0.17875467,596.1970518,70.40464108,2.628962054
1610531089,325,0.184667513,579.4056861,73.7728537,2.528164162
1610531089,326,0.179163332,554.3980164,71.96393352,2.412170414
1610531089,327,0.178272085,585.0506737,72.59545364,2.5622761
1610531089,328,0.179950664,583.4955995,66.62244983,2.584365748
1610531090,329,0.180929945,595.9553435,68.90707727,2.635241331
1610531090,330,0.175852506,576.375767,74.94804999,2.507138585
1610531090,331,0.177787815,574.2903873,70.23300003,2.520286936
1610531090,332,0.174538222,580.0473037,70.05151542,2.549978941
1610531090,333,0.179562468,550.1819778,68.84070805,2.406706349
1610531090,334,0.176049261,589.925409,68.06007035,2.609326693
1610531091,335,0.180465792,561.177827,66.33738812,2.474202194
1610531091,336,0.177637321,567.0670663,71.57379133,2.477466375
1610531091,337,0.183033042,543.0500711,70.03563949,2.365072158
1610531091,338,0.178977331,575.2528069,70.44368481,2.52404561
1610531091,339,0.179006326,580.6315921,70.08513843,2.552732268
1610531091,340,0.178506622,531.7883583,68.00344836,2.31892455
1610531092,341,0.175856516,554.2830963,69.06982599,2.426066352
1610531092,342,0.175723439,573.7248428,69.78585134,2.519694957
1610531092,343,0.178431043,566.5157098,73.28900827,2.466133507
1610531092,344,0.179575223,579.1823902,67.80919013,2.556866
1610531092,345,0.172953339,555.9637597,70.43215842,2.427658006
1610531092,346,0.179813313,542.9070493,64.59111708,2.391579661
1610531093,347,0.176587168,563.9706102,65.91878795,2.490259111
1610531093,348,0.174707117,555.7750845,68.77963959,2.434977225
1610531093,349,0.173193429,549.9112673,65.63950942,2.421358789
1610531093,350,0.177429366,557.6205725,70.63676736,2.434919026
1610531093,351,0.176001944,541.7249921,66.41880139,2.376530954
1610531093,352,0.176994686,546.0642708,67.09204149,2.394861147
1610531094,353,0.176671489,544.6339616,63.44966723,2.405921472
1610531094,354,0.176715288,544.8197233,67.7741907,2.385227663
1610531094,355,0.177746334,542.6519178,66.76864228,2.379416378
1610531094,356,0.176803146,543.0485318,64.44010211,2.393042149
1610531094,357,0.173415389,541.5015063,66.72453129,2.373884875
1610531094,358,0.178954296,545.3424887,62.07647501,2.416330068
1610531095,359,0.177286741,543.8707796,64.65350504,2.396086373
1610531095,360,0.175251061,556.1227687,63.84699348,2.461378876
1610531095,361,0.174918454,529.6904519,60.4856441,2.346024039
1610531095,362,0.173114103,535.6663309,64.96500834,2.353506613
1610531095,363,0.176215264,525.3234926,64.87632927,2.302235817
1610531095,364,0.17488136,524.1821357,63.57154818,2.303052937
1610531096,365,0.174074523,532.123299,60.69854939,2.357123748
1610531096,366,0.174715113,524.3830415,63.61646682,2.303832873
1610531096,367,0.176167524,525.5580082,67.04711534,2.292554464
1610531096,368,0.173619079,534.1645237,61.66031707,2.362521033
1610531096,369,0.175049195,525.5171836,62.67739038,2.314198966
1610531097,370,0.172979176,495.8211872,62.11124561,2.168549708
1610531097,371,0.175434696,511.6751424,61.76725856,2.249539419
1610531097,372,0.17675554,528.1688405,61.80877472,2.331800329
1610531097,373,0.171551991,519.0677976,61.68960685,2.286890954
1610531097,374,0.175335964,515.562697,61.13054597,2.272160755
1610531097,375,0.175084993,517.0221099,60.38722928,2.283174403
1610531098,376,0.175820563,509.7971966,63.2905604,2.232533181
1610531098,377,0.174007506,514.1152769,61.15373975,2.264807686
1610531098,378,0.175125551,493.9687048,55.39605404,2.192863254
1610531098,379,0.172907342,500.3491514,58.39489798,2.209771267
1610531098,380,0.171697101,499.2633694,59.12897432,2.200671976
1610531098,381,0.175118747,469.7418939,58.38684711,2.056775234
1610531099,382,0.173714999,496.3502399,54.19461166,2.210778141
1610531099,383,0.175556288,505.2316739,60.46506989,2.22383302
1610531099,384,0.173597973,493.237115,55.88365348,2.186767308
1610531099,385,0.169913654,501.7489316,58.15113833,2.217988966
1610531099,386,0.172410121,508.2975883,57.83579621,2.25230896
1610531099,387,0.176564052,493.5462103,57.31991766,2.181131463
1610531100,388,0.172206928,486.1138049,57.5219241,2.142959404
1610531100,389,0.172447589,489.273593,57.80693201,2.157333305
1610531100,390,0.174264556,475.380734,58.83150062,2.082746167
1610531100,391,0.17224631,505.7802222,53.99820534,2.258910084
1610531100,392,0.173545176,495.0976138,55.97699685,2.195603085
1610531100,393,0.173235591,495.3114806,61.57329968,2.168690904
1610531101,394,0.173137874,476.1144575,57.51402437,2.093002165
1610531101,395,0.173574446,492.2239434,58.48340524,2.168702691
1610531101,396,0.171438191,485.4296796,57.47980205,2.139749388
1610531101,397,0.171417458,478.6403895,56.46102741,2.110896811
1610531101,398,0.169660359,487.9505502,56.24722502,2.158516626
1610531101,399,0.171395355,489.7181949,55.94872496,2.168847349
1610531102,400,0.175503351,470.5114909,56.04254921,2.072344708
1610531102,401,0.170153589,468.1735043,55.89463515,2.061394346
1610531102,402,0.172532894,493.2503789,54.7502065,2.192500862
1610531102,403,0.171858571,462.4566726,55.31995596,2.035683583
1610531102,404,0.16691731,477.4254863,55.61906347,2.109032114
1610531102,405,0.173359609,467.6490365,56.01716645,2.05815935
1610531103,406,0.171541149,474.9666792,55.31917406,2.098237526
1610531103,407,0.168078123,475.0101404,55.67752011,2.096663101
1610531103,408,0.170499745,489.417892,54.98693705,2.172154775
1610531103,409,0.170460133,466.2203246,56.38727794,2.049165233
1610531103,410,0.171257313,462.9373578,60.70043545,2.011184612
1610531103,411,0.170891393,472.3057943,55.27279132,2.085165015
1610531104,412,0.16907379,454.8767819,54.2729403,2.003019208
1610531104,413,0.171316269,476.7211609,54.62071645,2.110502222
1610531104,414,0.168537358,465.4789518,58.31578136,2.035815852
1610531104,415,0.170936716,462.014548,56.32681792,2.02843865
1610531104,416,0.171802583,478.5071075,55.42085217,2.115431277
1610531105,417,0.168089905,444.03314,59.2561457,1.923884972
1610531105,418,0.17252071,454.7694758,51.26895899,2.017502584
1610531105,419,0.167862779,466.5453314,56.1888286,2.051782514
1610531105,420,0.168908305,450.5707794,54.17181365,1.981994829
1610531105,421,0.168437914,465.0121504,53.73316079,2.056394948
1610531105,422,0.170574338,469.440732,53.93318817,2.077537719
1610531106,423,0.174569969,447.9915607,53.33491217,1.973283243
1610531106,424,0.170443003,457.5178387,56.80654298,2.003556478
1610531106,425,0.170073742,436.1708875,50.40696071,1.928819634
1610531106,426,0.169643079,445.6755872,52.68268012,1.964964536
1610531106,427,0.170275042,447.463782,53.288954,1.97087414
1610531106,428,0.172386253,444.0228339,53.29082162,1.953660062
1610531107,429,0.167846808,457.4746571,52.01126993,2.027316936
1610531107,430,0.167145445,447.4909522,55.9258585,1.957825468
1610531107,431,0.170174195,433.756517,51.829189,1.90963664
1610531107,432,0.170326005,436.7640552,53.54368503,1.916101851
1610531107,433,0.169002276,440.3464158,49.48321889,1.954315985
1610531107,434,0.166965935,437.4047516,49.55443085,1.939251604
1610531108,435,0.171606157,424.704248,50.06260332,1.873208223
1610531108,436,0.16796845,451.6541642,55.21155169,1.982213063
1610531108,437,0.166623035,430.8798874,52.15648771,1.893616998
1610531108,438,0.168358891,433.5088957,55.45932868,1.890247835
1610531108,439,0.166630674,443.509861,54.19436371,1.946577486
1610531108,440,0.169420644,427.1471705,49.85686078,1.886451549
1610531109,441,0.17118796,444.8652855,49.35798642,1.977536495
1610531109,442,0.169108835,446.0751614,51.28082023,1.973971706
1610531109,443,0.1650851,421.2349401,49.68800656,1.857734668
1610531109,444,0.171744755,436.2875152,47.26773644,1.945098894
1610531109,445,0.169221412,438.8409535,46.69249378,1.960742299
1610531109,446,0.168999673,412.9926501,46.69643073,1.831481097
1610531110,447,0.167699096,441.6981796,46.27609028,1.977110447
1610531110,448,0.16516004,411.8166161,48.72075163,1.815479322
1610531110,449,0.169066738,423.6534025,48.53600802,1.875586972
1610531110,450,0.164347101,425.0794524,46.18346089,1.894479957
1610531110,451,0.166517649,410.5198959,49.79895166,1.803604721
1610531110,452,0.166793665,416.5671159,48.39911373,1.840840011
1610531111,453,0.167766578,418.1503631,49.36583596,1.843922636
1610531111,454,0.167679884,417.1395176,46.37671139,1.853814031
1610531111,455,0.168157936,403.6873996,47.70840426,1.779894977
1610531111,456,0.164007617,421.173233,48.68834064,1.862424462
1610531111,457,0.167688852,418.9734076,46.41576148,1.862788231
1610531112,458,0.165815507,417.7332712,46.13576512,1.85798753
1610531112,459,0.166155796,393.4610228,47.19545049,1.731327861
1610531112,460,0.167388446,420.5720684,44.81888113,1.878765937
1610531112,461,0.166232557,414.1638328,48.333411,1.829152109
1610531112,462,0.164416049,402.3447237,46.15626414,1.780942298
1610531112,463,0.164701725,393.017826,45.93478577,1.735415201
1610531113,464,0.1647832,416.4797905,48.85649556,1.838116475
1610531113,465,0.167501185,414.7380881,48.77431271,1.829818877
1610531113,466,0.164818306,401.92993,48.0947518,1.769175891
1610531113,467,0.165136233,414.9495703,44.68768115,1.851309446
1610531113,468,0.163701503,399.034508,49.47862929,1.747779394
1610531113,469,0.166224168,404.0744482,46.18219628,1.78946126
1610531114,470,0.165796142,391.3144413,46.85239768,1.722310218
1610531114,471,0.16570959,397.9861998,45.20810867,1.763890456
1610531114,472,0.163140161,392.1973468,44.94398963,1.736266786
1610531114,473,0.16284329,394.9841608,49.70265965,1.726407506
1610531114,474,0.165471674,402.6926786,42.84219889,1.799252399
1610531114,475,0.165800211,401.6100299,46.69839407,1.774558179
1610531115,476,0.1683027,390.8200943,43.40341346,1.737083404
1610531115,477,0.162599398,399.9249914,43.70208291,1.781114543
1610531115,478,0.16352621,387.4782559,43.76280722,1.718577243
1610531115,479,0.164746143,382.2716639,47.23400999,1.675188269
1610531115,480,0.162861929,395.2290686,46.89870067,1.74165184
1610531115,481,0.165935114,374.3559422,42.83830573,1.657588182
1610531116,482,0.163835943,383.2355258,44.00944034,1.696130428
1610531116,483,0.164942555,382.6237761,45.18910005,1.68717338
1610531116,484,0.165234056,386.2436342,42.01903658,1.721122988
1610531116,485,0.160695723,383.8075672,43.55135948,1.701281039
1610531116,486,0.165242177,382.8817734,44.3969032,1.692424351
1610531116,487,0.163687003,372.1919936,43.80278244,1.641946056
1610531117,488,0.165178825,390.7932985,45.5477822,1.726227582
1610531117,489,0.164352988,394.5047301,47.30451051,1.736001098
1610531117,490,0.164551865,367.9983568,41.4415641,1.632783963
1610531117,491,0.162101524,375.8069224,43.10006411,1.663534291
1610531117,492,0.165445651,375.812115,44.98120716,1.654154539
1610531117,493,0.163382,381.6430946,42.27294195,1.696850763
1610531118,494,0.164045089,389.6619169,45.42721437,1.721173513
1610531118,495,0.16313279,376.34157,39.55703358,1.683922682
1610531118,496,0.162981088,372.9773742,39.78370871,1.665968328
1610531118,497,0.160552451,376.5829506,42.0241796,1.672793855
1610531118,498,0.161018612,373.7429699,41.1251846,1.663088927
1610531119,499,0.16531089,366.085388,40.21617668,1.629346057
1610531119,500,0.16488569,368.1118919,40.82317968,1.636443561
1610531119,501,0.163558628,363.8456012,40.60265795,1.616214716
1610531119,502,0.163230475,378.831634,40.22035113,1.693056414
1610531119,503,0.163133595,357.697152,41.0923436,1.583024042
1610531119,504,0.162655144,367.4658291,41.87249324,1.62796668
1610531120,505,0.164114884,368.6440724,40.72832041,1.63957876
1610531120,506,0.15934513,373.523395,42.46616818,1.655286134
1610531120,507,0.161585716,379.1754241,43.22924436,1.679730899
1610531120,508,0.16256666,370.2263204,43.03050272,1.635979088
1610531120,509,0.160606339,358.2282113,40.8244445,1.587018834
1610531120,510,0.162543096,368.214639,41.89863543,1.631580018
1610531121,511,0.163105386,350.0997925,42.00703375,1.540463794
1610531121,512,0.162189087,355.1523322,40.55834137,1.572969954
1610531121,513,0.162903847,361.389692,41.90458806,1.59742552
1610531121,514,0.160637018,358.3522399,38.8256397,1.597633001
1610531121,515,0.16162525,350.8208295,41.29088315,1.547649732
1610531121,516,0.159619533,353.4589444,44.44432067,1.545073119
1610531122,517,0.160352791,350.0106591,39.19387466,1.554083922
1610531122,518,0.162366869,357.5153492,40.5718509,1.584717491
1610531122,519,0.159900608,353.6738163,38.57518121,1.575493176
1610531122,520,0.160366358,356.3146628,39.82807311,1.582432948
1610531122,521,0.157179185,350.8868271,40.42682355,1.552300018
1610531122,522,0.159387177,345.0425394,40.34164493,1.523504472
1610531123,523,0.161824688,354.0087974,38.72996377,1.576394168
1610531123,524,0.161320052,346.1745856,39.45612218,1.533592317
1610531123,525,0.163022139,354.0224646,40.32164617,1.568504092
1610531123,526,0.160391719,348.0258388,37.10068018,1.554625793
1610531123,527,0.159534825,355.7491003,40.23479996,1.577571502
1610531123,528,0.161820564,352.0596746,38.2177563,1.569209591
1610531124,529,0.161698888,346.1941104,38.61278525,1.537906626
1610531124,530,0.158359284,338.8318327,41.93230946,1.484497616
1610531124,531,0.160159661,346.3391861,40.88549491,1.527268456
1610531124,532,0.158682717,351.5781867,37.94214128,1.568180227
1610531124,533,0.162018233,333.1030437,37.01863821,1.480422028
1610531124,534,0.161257623,333.9684565,37.4986437,1.482349064
1610531125,535,0.159407846,351.6640772,38.39111479,1.566364812
1610531125,536,0.156933927,332.3402354,39.17274758,1.465837439
1610531125,537,0.15927979,328.0984312,38.61870181,1.447398647
1610531125,538,0.158719678,347.1038288,38.8408587,1.541314851
1610531125,539,0.161882846,336.9405629,37.11589233,1.499123353
1610531125,540,0.158646526,339.3032794,39.13107428,1.500861026
1610531126,541,0.160498944,336.3753535,37.46151117,1.494569211
1610531126,542,0.158225687,330.252615,38.36666699,1.45942974
1610531126,543,0.158902051,342.2961997,39.19950336,1.515483482
1610531126,544,0.159911124,339.8841774,35.09387808,1.523951496
1610531126,545,0.15623405,323.7745068,38.25162233,1.427614422
1610531127,546,0.158491616,333.8245915,35.47321693,1.491756873
1610531127,547,0.157873451,338.7772948,39.01927191,1.498790114
1610531127,548,0.160714452,329.0788404,34.61781364,1.472305134
1610531127,549,0.158547999,313.6750167,36.14607081,1.38764473
1610531127,550,0.15747374,327.7463688,38.95273627,1.443968163
1610531127,551,0.161594168,329.6354242,34.45065036,1.475923869
1610531128,552,0.161525582,328.8934155,33.46536667,1.477140244
1610531128,553,0.158387931,315.3229112,36.46830597,1.394273026
1610531128,554,0.158410904,317.4526032,36.69457032,1.403790164
1610531128,555,0.157915064,322.0493004,37.73362014,1.421578401
1610531128,556,0.158521311,324.1422269,38.71540044,1.427134132
1610531128,557,0.157935285,331.4364384,39.47952396,1.459784572
1610531129,558,0.156772619,322.9980737,35.0615454,1.439682641
1610531129,559,0.156367854,320.7849603,36.32912879,1.422279157
1610531129,560,0.157274578,322.2954743,36.43520531,1.429301345
1610531129,561,0.159162392,315.1930603,37.26991682,1.389615717
1610531129,562,0.159814989,333.2541197,33.2787494,1.499876852
1610531129,563,0.155575407,325.2187849,37.20916464,1.440048101
1610531130,564,0.157216967,310.0582848,33.31033441,1.383739752
1610531130,565,0.155462771,319.1513108,38.73822934,1.402065407
1610531130,566,0.15929009,316.8838874,37.54890544,1.39667491
1610531130,567,0.154317343,312.7154244,36.58790483,1.380637598
1610531130,568,0.157781096,316.036098,35.21363207,1.40411233
1610531130,569,0.157917352,306.5027024,37.37184697,1.345654277
1610531131,570,0.157068176,304.1430354,36.75733534,1.3369285
1610531131,571,0.156763822,315.7491629,35.36178685,1.40193688
1610531131,572,0.15485651,311.2579772,33.45539415,1.389012915
1610531131,573,0.154915806,311.7441947,34.52387625,1.386101592
1610531131,574,0.156058859,318.0955589,35.55767387,1.412689425
1610531131,575,0.155421862,313.3820739,35.4069475,1.389875632
1610531132,576,0.157451358,302.5574284,34.50458843,1.3402642
1610531132,577,0.15565748,302.5777822,32.49851596,1.350396331
1610531132,578,0.157591239,300.5707034,31.60200999,1.344843467
1610531132,579,0.155385434,297.1748327,32.67775765,1.322485375
1610531132,580,0.155188023,301.5499995,34.16908837,1.336904556
1610531132,581,0.156283378,306.0906198,33.44963543,1.363204922
1610531133,582,0.157325459,297.7518545,34.12876649,1.31811544
1610531133,583,0.157200659,300.6306027,33.11872276,1.3375594
1610531133,584,0.15460261,299.1404815,33.87217079,1.326341554
1610531133,585,0.152647107,309.6524854,36.95180601,1.363503397
1610531133,586,0.155108032,291.4418381,33.42771658,1.290070608
1610531134,587,0.157088173,301.4333618,33.74172566,1.338458181
1610531134,588,0.155538046,290.8734859,32.17742629,1.293480298
1610531134,589,0.153310545,305.1939811,33.46489723,1.358645419
1610531134,590,0.155145782,304.6865839,34.5319442,1.350773199
1610531134,591,0.153967546,283.9214561,32.41537268,1.257530417
1610531134,592,0.15303177,294.6854809,33.23672309,1.307243789
1610531135,593,0.153400902,293.0338289,31.1258521,1.309539884
1610531135,594,0.155222791,295.9052904,33.64978719,1.311277516
1610531135,595,0.155526576,294.601437,32.61918512,1.309911259
1610531135,596,0.153908085,289.1143195,33.48683956,1.2781374
1610531135,597,0.154985132,290.3902308,33.10303668,1.286435971
1610531135,598,0.154057073,292.0251045,32.38258148,1.298212615
1610531136,599,0.153385591,301.6875594,34.99669213,1.333454336
1610531136,600,0.153081514,288.7409018,33.71127856,1.275148116
1610531136,601,0.153939353,284.7756769,33.13317563,1.258212507
1610531136,602,0.154239052,301.6425048,32.43340381,1.346045505
1610531136,603,0.155749982,285.6440449,31.22028385,1.272118805
1610531136,604,0.15490866,292.0772564,31.15162452,1.304628159
1610531137,605,0.153658289,287.1893832,32.35110206,1.274191406
1610531137,606,0.151929934,292.5461094,31.61570063,1.304652044
1610531137,607,0.152800461,289.0264916,32.09964599,1.284634228
1610531137,608,0.154013048,293.8240558,31.45980079,1.311821275
1610531137,609,0.153920336,285.4819432,31.72651068,1.268777162
1610531137,610,0.154511663,293.1729103,32.7372701,1.302178201
1610531138,611,0.15173861,292.6129279,31.75384368,1.304295421
1610531138,612,0.154445395,281.1539314,32.78314249,1.241853945
1610531138,613,0.152545214,278.058182,30.33326601,1.23862458
1610531138,614,0.154993923,273.273123,31.22593261,1.210235952
1610531138,615,0.153505991,278.6516367,32.08259536,1.232845207
1610531138,616,0.156871921,274.8961383,30.81069465,1.220427218
1610531139,617,0.153306974,275.9646373,31.69280013,1.221359186
1610531139,618,0.153217157,265.4367757,30.94204773,1.17247364
1610531139,619,0.153575985,271.5587701,31.43914672,1.200598117
1610531139,620,0.151815947,278.124327,31.43667784,1.233438246
1610531139,621,0.151437767,273.1915718,29.65801016,1.217667808
1610531139,622,0.153318872,272.632476,28.96298553,1.218347453
1610531140,623,0.152797163,274.7052448,29.96567103,1.223697869
1610531140,624,0.154280638,278.8672285,30.96026211,1.239534832
1610531140,625,0.151903319,278.0619998,29.5638457,1.24249077
1610531140,626,0.151968635,274.5610267,31.67348222,1.214437723
1610531140,627,0.152703405,268.7079769,31.27931988,1.187143285
1610531141,628,0.152430024,286.9394423,32.20334819,1.273680471
1610531141,629,0.154537576,271.6788163,31.64310089,1.200178577
1610531141,630,0.152963046,276.2723597,32.34535154,1.219635041
1610531141,631,0.149544556,271.824415,31.44044128,1.201919869
1610531141,632,0.153904801,269.7442204,29.78450886,1.199798558
1610531141,633,0.153325281,291.7921846,30.02970466,1.3088124
1610531142,634,0.150162304,281.6407588,30.87545799,1.253826504
1610531142,635,0.149865596,275.9143684,27.47067649,1.24221846
1610531142,636,0.151915161,263.2009353,30.89599277,1.161524712
1610531142,637,0.152718823,262.6407992,29.16685737,1.167369709
1610531142,638,0.151769787,263.1801584,27.91221051,1.176339739
1610531142,639,0.150925185,266.6241784,29.57087156,1.185266534
1610531142,640,0.152957726,252.9815703,29.49777489,1.117418977
1610531143,641,0.150678343,262.2049627,27.97964919,1.171126567
1610531143,642,0.151986035,258.4010091,29.85016967,1.142754197
1610531143,643,0.151644234,261.842943,29.56532595,1.161388085
1610531143,644,0.149220819,264.5742164,26.98761149,1.187933025
1610531143,645,0.150360614,266.683388,27.27699431,1.197031969
1610531144,646,0.154023115,258.9128929,26.21358365,1.163496546
1610531144,647,0.151139204,259.626341,30.93666902,1.14344836
1610531144,648,0.150156891,262.851936,27.98178994,1.17435073
1610531144,649,0.151578109,253.027127,28.47867107,1.122742279
1610531144,650,0.151901331,250.0071945,27.79665523,1.111052696
1610531144,651,0.150370744,263.6693341,28.09216621,1.177885839
1610531145,652,0.149098776,262.0514303,29.28085234,1.16385289
1610531145,653,0.149303883,262.1642971,29.30427725,1.164300099
1610531145,654,0.150118604,267.2792283,30.87448191,1.182023732
1610531145,655,0.150791365,256.1803682,29.3500787,1.134151447
1610531145,656,0.150329051,255.0193486,27.70800262,1.13655673
1610531145,657,0.14887153,254.8348514,29.62817688,1.126033373
1610531146,658,0.151621028,254.2826652,29.04984384,1.126164107
1610531146,659,0.147421552,255.0363438,29.03243132,1.130019563
1610531146,660,0.150597903,255.3447903,29.00131593,1.131717372
1610531146,661,0.14763842,247.1897574,30.20356417,1.084930966
1610531146,662,0.149595723,245.9340414,29.10662377,1.084137088
1610531146,663,0.149322942,247.6474972,30.33047771,1.086585097
1610531147,664,0.149192983,246.3716447,27.21753051,1.095770571
1610531147,665,0.150830712,246.4846834,25.73189244,1.103763955
1610531147,666,0.148494394,242.9025908,25.45386199,1.087243644
1610531147,667,0.148912245,238.1892754,27.53205651,1.053286094
1610531147,668,0.148801225,246.1371018,30.62471535,1.077561932
1610531148,669,0.148680303,243.0693754,28.82715331,1.071211111
1610531148,670,0.150695517,248.2974485,28.685401,1.098060238
1610531148,671,0.149856799,242.3497987,26.26755295,1.080411229
1610531148,672,0.148846853,246.0220048,29.07227641,1.084748642
1610531148,673,0.148221908,239.7492481,26.85660591,1.064463211
1610531148,674,0.148719009,252.4003393,26.74584084,1.128272493
1610531148,675,0.146720647,234.215877,26.92249892,1.03646689
1610531149,676,0.150458498,233.337578,26.37136804,1.03483105
1610531149,677,0.151134151,240.8977134,26.19486009,1.073514267
1610531149,678,0.151717626,241.1048995,27.37594592,1.068644768
1610531149,679,0.147955613,237.8915319,28.75047949,1.045705262
1610531149,680,0.149499933,237.8959465,25.6948705,1.06100538
1610531150,681,0.148224601,231.9013599,28.19370835,1.018538258
1610531150,682,0.146382338,237.7804316,27.02195554,1.05379238
1610531150,683,0.150215918,237.2019349,25.56533054,1.058183022
1610531150,684,0.146225174,244.1904865,26.80688415,1.086918012
1610531150,685,0.14585403,231.6941609,28.65765161,1.015182546
1610531150,686,0.148829139,242.6330744,27.64686751,1.074931034
1610531151,687,0.147459062,236.4662351,25.53490143,1.054656668
1610531151,688,0.148380225,234.9446712,26.98039177,1.039821397
1610531151,689,0.144704217,229.7476685,29.20432752,1.002716705
1610531151,690,0.144461364,235.9398967,26.92193349,1.045089816
1610531151,691,0.146145722,232.1783619,26.7646223,1.027068698
1610531151,692,0.145383812,230.1230358,27.96935611,1.010768399
1610531152,693,0.145800993,228.503562,29.37133048,0.995661158
1610531152,694,0.148808983,234.6233019,27.88375061,1.033697757
1610531152,695,0.146402557,228.5793253,27.92037002,1.003294776
1610531152,696,0.145250608,225.7886826,26.68506079,0.995518109
1610531152,697,0.146916112,232.2535059,26.99629143,1.026286072
1610531152,698,0.148424226,231.7952441,24.52629864,1.036344727
1610531153,699,0.146487239,234.2966241,26.83094641,1.037328388
1610531153,700,0.145188131,238.9929911,28.79297381,1.051000086
1610531153,701,0.146715864,232.1545933,25.9000009,1.031272962
1610531153,702,0.145669472,228.4355992,26.03172174,1.012019387
1610531153,703,0.14396638,227.1900911,26.28798808,1.004510515
1610531153,704,0.145888404,225.512012,27.39498522,0.990585134
1610531154,705,0.145128188,230.848987,26.74583761,1.020515747
1610531154,706,0.147529594,219.2223239,23.23476396,0.9799378
1610531154,707,0.14608593,225.8856661,22.91995384,1.014828561
1610531154,708,0.148916778,223.9120293,24.58300509,0.996645121
1610531154,709,0.146326896,223.6133834,25.75809732,0.989276431
1610531154,710,0.143460027,220.9367128,25.05847921,0.979391168
1610531155,711,0.14706944,228.4687904,24.67603413,1.018963782
1610531155,712,0.148492825,222.9754422,25.04082276,0.989673097
1610531155,713,0.145397468,222.0796451,24.62285071,0.987283972
1610531155,714,0.146010243,224.9590266,25.77230253,0.99593362
1610531155,715,0.145706556,223.5762908,24.51499917,0.995306458
1610531155,716,0.145076363,225.9806882,23.49786993,1.012414092
1610531156,717,0.145010225,220.9601379,26.02052284,0.974698075
1610531156,718,0.145264776,222.3689954,24.64426445,0.988623655
1610531156,719,0.144484683,216.5323328,24.03175675,0.96250288
1610531156,720,0.144854404,225.6662716,26.37008439,0.996480936
1610531156,721,0.144412381,224.1781025,24.38158079,0.998982609
1610531157,722,0.144410118,216.6137363,24.17768968,0.962180233
1610531157,723,0.144051415,212.4383666,24.23130175,0.941035324
1610531157,724,0.145092265,220.9728471,22.98989078,0.989914781
1610531157,725,0.146569198,212.277848,23.86511734,0.942063653
1610531157,726,0.145571914,208.0039552,22.7737757,0.926150897
1610531157,727,0.14368062,213.8510435,24.15447702,0.948482833
1610531158,728,0.144208104,213.9773055,24.67592032,0.946506926
1610531158,729,0.143748613,203.3966039,23.25566936,0.900704673
1610531158,730,0.142205727,218.0077235,24.61406071,0.966968314
1610531158,731,0.144830343,210.3380291,23.62175621,0.933581364
1610531158,732,0.14389276,213.8980591,22.42244131,0.957378089
1610531158,733,0.145144445,211.3359692,24.28099274,0.935274882
1610531159,734,0.144452943,205.564579,22.4477814,0.915583988
1610531159,735,0.143098814,206.0379607,25.45030882,0.90293826
1610531159,736,0.14587191,207.7691486,23.89050374,0.919393225
1610531159,737,0.140946676,200.3581653,23.9021684,0.882279984
1610531159,738,0.142945287,208.9981961,23.99232483,0.925029356
1610531159,739,0.145794391,210.7621701,21.69258039,0.945347949
1610531160,740,0.145475382,203.2062186,20.9093981,0.911484102
1610531160,741,0.143141729,205.4335905,24.04504887,0.906942708
1610531160,742,0.142219441,199.7043299,22.9414947,0.883814176
1610531160,743,0.14308045,206.2616991,22.83587519,0.91712912
1610531160,744,0.140203239,205.4271099,25.47211157,0.899774991
1610531160,745,0.141770939,208.2651031,23.17000059,0.925475512
1610531161,746,0.137905447,206.8027923,24.75369481,0.910245487
1610531161,747,0.143875315,203.1596664,21.6606124,0.90749527
1610531161,748,0.145744314,209.7325713,22.03868853,0.938469414
1610531161,749,0.142795284,200.4797382,23.86669268,0.883065228
1610531161,750,0.144087208,201.4015585,22.36997828,0.895157901
1610531161,751,0.143404575,197.764672,22.53149053,0.876165907
1610531162,752,0.142169619,207.2621175,22.36836547,0.92446876
1610531162,753,0.142452897,202.6102179,23.54269258,0.895337626
1610531162,754,0.144765799,197.427181,20.69762539,0.883647778
1610531162,755,0.14285518,203.0288433,22.93176283,0.900485402
1610531162,756,0.140107976,197.0712654,23.62381679,0.867237243
1610531162,757,0.143805068,204.5016643,22.1443516,0.911786563
1610531163,758,0.142100374,196.1014885,21.12027884,0.874906049
1610531163,759,0.143402742,199.5985104,20.93070119,0.893339046
1610531163,760,0.14185646,198.2239456,22.14405668,0.880399445
1610531163,761,0.142843883,192.2823737,22.04887038,0.851167517
1610531163,762,0.141745796,192.6037842,21.60849365,0.854976453
1610531164,763,0.142053531,212.1951771,22.30724784,0.949439646
1610531164,764,0.139714692,199.8610691,22.4103243,0.887253724
1610531164,765,0.142134917,194.902175,21.75049735,0.865758388
1610531164,766,0.13911963,206.2794802,22.53657918,0.918714505
1610531164,767,0.140731925,195.5389711,22.7248246,0.864070732
1610531164,768,0.14100831,189.9553565,22.17007043,0.83892643
1610531165,769,0.141717634,193.381988,21.33116732,0.860254103
1610531165,770,0.141582174,191.1882289,22.53700792,0.843256105
1610531165,771,0.140612775,188.4516939,22.36451746,0.830435882
1610531165,772,0.141172228,191.7142525,21.32693617,0.851936582
1610531165,773,0.141867824,196.1567816,21.80346751,0.87176657
1610531165,774,0.14010038,194.2470705,21.99097431,0.861280481
1610531166,775,0.138505072,196.8617259,22.88456649,0.869885797
1610531166,776,0.139186533,198.8710581,23.08395763,0.878935502
1610531166,777,0.139937406,192.7866286,21.44312973,0.856717495
1610531166,778,0.140188721,188.3547019,21.31667263,0.835190147
1610531166,779,0.140793928,191.4217598,22.86128179,0.84280239
1610531166,780,0.13966137,182.3293653,20.28239782,0.810234837
1610531167,781,0.138668581,195.3638033,20.89488041,0.872344614
1610531167,782,0.139448834,182.3175911,22.03868976,0.801394507
1610531167,783,0.140547643,187.4001838,20.97721098,0.832114864
1610531167,784,0.138298859,190.3993806,21.04641292,0.846764838
1610531167,785,0.140033721,183.8532409,21.74737149,0.810529347
1610531167,786,0.140848678,189.9954917,20.34532742,0.848250821
1610531168,787,0.140018889,180.8257709,19.58255909,0.806216059
1610531168,788,0.13857916,184.8817494,21.63570271,0.816230233
1610531168,789,0.137747659,175.0891621,21.56992394,0.767596191
1610531168,790,0.140869091,186.6491187,19.13812157,0.837554985
1610531168,791,0.13897297,189.8498808,19.37894054,0.852354701
1610531168,792,0.140309411,188.1545473,19.98609908,0.840842241
1610531169,793,0.138363713,185.2857772,21.83210411,0.817268366
1610531169,794,0.137964761,186.3996879,23.17775546,0.816109662
1610531169,795,0.141250242,175.4362896,19.49609079,0.779700994
1610531169,796,0.137668719,184.3053334,21.0661882,0.816195726
1610531169,797,0.140089413,184.8668072,19.62643814,0.826201845
1610531169,798,0.137872904,178.6722045,20.57355568,0.790493244
1610531170,799,0.1413167,181.8424697,18.6489285,0.815967706
1610531170,800,0.139611244,177.8804515,20.38583636,0.787473076
1610531170,801,0.140045577,176.2174623,20.029775,0.780938436
1610531170,802,0.137340978,185.5596961,21.26563224,0.82147032
1610531170,803,0.140045914,173.6135644,18.8435217,0.773850214
1610531170,804,0.1388714,181.1207374,21.12596864,0.799973844
1610531171,805,0.13968516,177.2907757,20.26320614,0.785137848
1610531171,806,0.142094901,174.4168185,18.84570383,0.777855573
1610531171,807,0.13918344,177.0078549,20.15396578,0.784269445
1610531171,808,0.1390973,175.1797674,19.65009604,0.777648357
1610531171,809,0.134930009,185.8720396,21.17593624,0.823480517
1610531171,810,0.139415963,172.3470841,19.75312551,0.762969793
1610531172,811,0.138129081,175.9308664,19.21644764,0.783572094
1610531172,812,0.137249463,171.8713617,19.98452443,0.759434187
1610531172,813,0.138131437,180.5218457,21.06388103,0.797289823
1610531172,814,0.136295137,169.5326672,19.09751632,0.752175755
1610531172,815,0.137165456,171.2902369,20.10569457,0.755922712
1610531172,816,0.137965124,177.9675184,19.21497413,0.793762721
1610531173,817,0.13600168,179.8919728,20.68873495,0.796016189
1610531173,818,0.137047955,168.1639547,19.54439854,0.743097781
1610531173,819,0.137255471,168.1623463,20.14917516,0.740065856
1610531173,820,0.137509937,168.5676678,20.82800304,0.738698324
1610531173,821,0.136854632,174.0689378,20.03115176,0.77018893
1610531173,822,0.13808219,172.9503202,18.65078151,0.771497693
1610531174,823,0.136701788,170.5396629,19.15077944,0.756944417
1610531174,824,0.137818096,165.9464013,19.15218237,0.733971095
1610531174,825,0.138239239,170.4145608,18.90899282,0.75752784
1610531174,826,0.136743718,168.5839216,19.24271539,0.746706031
1610531174,827,0.135389249,169.4464619,17.68611782,0.758801721
1610531175,828,0.135776428,165.5208849,18.95783501,0.732815249
1610531175,829,0.135495424,170.8546029,17.81299869,0.765208021
1610531175,830,0.137202639,168.1505152,18.31214406,0.749191856
1610531175,831,0.13603399,166.9142703,18.0801826,0.744170439
1610531175,832,0.134837976,168.2584958,19.73902895,0.742597334
1610531175,833,0.13906142,165.2130624,16.77971651,0.742166729
1610531176,834,0.13807818,161.1747864,17.881168,0.716468092
1610531176,835,0.137287315,164.9138063,17.06365885,0.739250737
1610531176,836,0.134690952,168.1996786,19.96620226,0.741167382
1610531176,837,0.137206478,165.3210558,17.97625276,0.736724015
1610531176,838,0.135984292,164.6265455,19.70152648,0.724625095
1610531176,839,0.133684534,168.9521646,19.78453934,0.745838127
1610531177,840,0.136486436,163.412192,18.20089695,0.726056475
1610531177,841,0.135737071,159.3592167,18.37639445,0.704914111
1610531177,842,0.134902961,164.5310727,18.69592845,0.729175721
1610531177,843,0.136148633,165.1715092,18.55963441,0.733059374
1610531177,844,0.137202332,161.9625369,17.96371238,0.719994123
1610531177,845,0.134399471,162.5408447,19.70703778,0.714169035
1610531178,846,0.136107332,162.396286,16.54320655,0.729265397
1610531178,847,0.135863213,160.0783568,18.26759441,0.709053812
1610531178,848,0.133690367,158.582777,17.73887086,0.70421953
1610531178,849,0.137781514,156.96099,16.56316645,0.701989118
1610531178,850,0.133836425,157.7930679,17.37543473,0.702088166
1610531178,851,0.135579315,158.2090493,18.84382596,0.696826117
1610531179,852,0.136050393,161.3939421,17.35803111,0.720179555
1610531179,853,0.134742152,158.3338327,16.77621272,0.7077881
1610531179,854,0.135223174,155.9541544,16.94647806,0.695038382
1610531179,855,0.134694132,153.7778296,18.11976265,0.678290335
1610531179,856,0.133035128,152.5879839,18.11527291,0.672363555
1610531179,857,0.135307541,158.086052,17.17732194,0.70454365
1610531180,858,0.133276252,153.8552462,19.32784834,0.672636989
1610531180,859,0.134033557,151.2110407,17.00548145,0.671027796
1610531180,860,0.135336186,152.3372744,17.50294996,0.674171622
1610531180,861,0.134652408,153.0516359,17.32823622,0.678616998
1610531180,862,0.134133908,158.3696033,17.96004064,0.702047813
1610531181,863,0.134941714,147.7656578,17.11385345,0.653259022
1610531181,864,0.131824227,148.2404201,18.26936377,0.649855281
1610531181,865,0.133408951,150.9099394,16.45718952,0.672263749
1610531181,866,0.134908846,147.3435185,16.5915032,0.653760076
1610531181,867,0.134308781,157.4621197,16.54199755,0.704600611
1610531181,868,0.131998231,157.5222782,17.06702779,0.702276252
1610531182,869,0.132533622,157.3597616,17.90863831,0.697255617
1610531182,870,0.134706957,151.8454161,16.79012127,0.675276474
1610531182,871,0.134273236,148.2279305,15.72547262,0.662512289
1610531182,872,0.134012916,147.5429109,16.73054389,0.654061835
1610531182,873,0.133031901,152.1160333,16.50830383,0.678038647
1610531182,874,0.13480125,150.4793287,16.43845353,0.670204376
1610531183,875,0.13185138,143.3263337,17.06876342,0.631287852
1610531183,876,0.132836267,146.6736582,14.86598753,0.659038353
1610531183,877,0.1330902,144.6983561,16.18687289,0.642557416
1610531183,878,0.134372402,153.6799348,17.45297474,0.6811348
1610531183,879,0.132496399,153.2953038,16.66670851,0.683142976
1610531183,880,0.134107042,146.850596,15.77158031,0.655395078
1610531184,881,0.131756943,145.5847253,14.8502972,0.65367214
1610531184,882,0.133765799,148.2155888,16.97527663,0.656201561
1610531184,883,0.131951727,145.631847,15.90157689,0.64865135
1610531184,884,0.131843363,143.1877694,16.61152767,0.632881209
1610531184,885,0.131574507,144.6674678,17.10572171,0.63780873
1610531184,886,0.134395018,141.1530022,15.92009879,0.626164517
1610531185,887,0.133819792,143.3979949,17.22950166,0.630842466
1610531185,888,0.133643662,142.0784475,15.3239147,0.633772664
1610531185,889,0.130157686,142.5854981,16.34935934,0.631180694
1610531185,890,0.132102221,140.0789886,15.92917008,0.620749093
1610531185,891,0.130358953,141.1604258,17.4107558,0.61874835
1610531185,892,0.13269178,141.025774,16.27136701,0.623772035
1610531186,893,0.132150407,139.4916906,15.44792415,0.620218832
1610531186,894,0.132029307,143.0134122,15.47973922,0.637668365
1610531186,895,0.13126815,143.3577725,16.95320702,0.632022828
1610531186,896,0.131828109,142.4860677,15.25770626,0.636141807
1610531186,897,0.133606807,142.7476369,16.01957313,0.633640319
1610531186,898,0.13215866,141.5257612,16.08377827,0.627209915
1610531187,899,0.131259642,142.4980012,16.45459515,0.63021703
1610531187,900,0.131359068,139.9938213,15.64730616,0.621732576
1610531187,901,0.131409275,142.2039912,16.19694576,0.630035227
1610531187,902,0.130340772,139.6783611,16.31469631,0.616818324
1610531187,903,0.131893856,136.5415715,15.98897953,0.60276296
1610531187,904,0.132005192,143.743349,15.36126691,0.641910411
1610531188,905,0.129553597,145.8959502,16.8854173,0.645052664
1610531188,906,0.131466108,136.8809077,15.43293443,0.607239866
1610531188,907,0.132174314,134.569322,16.1750842,0.591971189
1610531188,908,0.131415418,141.1590873,15.39403956,0.628825239
1610531188,909,0.131903967,142.2417091,16.81678021,0.627124645
1610531188,910,0.129322246,134.252758,15.39969173,0.594265332
1610531189,911,0.129968133,140.550448,14.3033309,0.631235585
1610531189,912,0.131682179,134.1645111,14.30748877,0.599285112
1610531189,913,0.13023999,135.9850947,14.8796008,0.605527469
1610531189,914,0.129836871,139.8191226,15.31409496,0.622525138
1610531189,915,0.130786811,137.9929403,14.75171339,0.616206134
1610531189,916,0.128941202,134.6285557,14.46054782,0.600840039
1610531190,917,0.129134908,132.9404987,15.92157265,0.58509463
1610531190,918,0.129649009,129.9386562,15.15243496,0.573931106
1610531190,919,0.130792331,134.4552551,14.39294429,0.600311554
1610531190,920,0.1292325,133.1435857,15.46476888,0.588394084
1610531190,921,0.130322746,133.0074427,15.67304311,0.586671998
1610531190,922,0.129722894,131.9046007,15.23158926,0.583365057
1610531191,923,0.129932234,133.2792634,13.9556146,0.596618244
1610531191,924,0.130119201,135.5957738,14.52019075,0.605377915
1610531191,925,0.128889986,130.5048601,14.62055068,0.579421547
1610531191,926,0.131536726,132.6333374,13.95341135,0.59339963
1610531191,927,0.128062862,131.7839765,15.05817966,0.583628984
1610531191,928,0.128206291,130.5228735,15.73178406,0.573955447
1610531192,929,0.127238057,130.9570604,15.72301131,0.576170245
1610531192,930,0.129942479,132.8445473,15.24379767,0.588003748
1610531192,931,0.13115503,129.8930912,13.55999998,0.581665456
1610531192,932,0.128770915,128.3476665,14.25307261,0.57047297
1610531192,933,0.128305777,129.2881648,13.83795971,0.577251025
1610531192,934,0.129396152,131.6718664,15.22439038,0.58223738
1610531193,935,0.128081925,125.724774,14.3370941,0.5569384
1610531193,936,0.127596767,128.2668828,13.78545139,0.572407157
1610531193,937,0.12596539,126.653941,14.44452424,0.561047084
1610531193,938,0.126938234,127.2575767,14.17823118,0.565396728
1610531193,939,0.128509,126.6326502,13.89431273,0.563691687
1610531194,940,0.127055068,127.6764483,14.65164091,0.565124037
1610531194,941,0.127637668,125.9463783,13.40121352,0.562725824
1610531194,942,0.127682272,122.5787979,13.58081393,0.54498992
1610531194,943,0.129059109,124.2250709,12.81142402,0.557068234
1610531194,944,0.128204105,128.3593963,13.68425684,0.573375697
1610531194,945,0.127847944,116.3500604,12.32763955,0.520112104
1610531195,946,0.12868344,120.332991,14.3405314,0.529962298
1610531195,947,0.128743929,124.9305533,13.92789722,0.555013281
1610531195,948,0.127394777,125.0631799,14.25792027,0.554026298
1610531195,949,0.12757329,125.073655,14.43786843,0.553178933
1610531195,950,0.127766821,120.9810121,14.50866539,0.532361734
1610531195,951,0.127330753,119.3134995,13.65520454,0.528291475
1610531196,952,0.128207998,123.170972,14.73479885,0.542180866
1610531196,953,0.125549275,120.1446864,14.39017009,0.528772582
1610531196,954,0.128920139,121.427712,13.51813178,0.539547901
1610531196,955,0.127711425,121.0641447,12.7150246,0.5417456
1610531196,956,0.127619116,121.6123639,13.48739236,0.540624857
1610531196,957,0.125288773,124.6418781,15.54360498,0.545491366
1610531197,958,0.127086521,121.9643448,14.60684331,0.536787507
1610531197,959,0.126146391,118.7433509,12.95999404,0.528916784
1610531197,960,0.126420208,121.8021684,13.35624361,0.542229624
1610531197,961,0.128517079,115.6046212,13.12311407,0.512407535
1610531197,962,0.1286485,120.8962647,13.60300484,0.536466299
1610531197,963,0.126676311,122.0502822,11.40259784,0.553238422
1610531198,964,0.127857914,113.668542,13.25489797,0.50206822
1610531198,965,0.127224267,119.0251012,13.39637185,0.528143647
1610531198,966,0.126325417,118.6814348,13.05607366,0.528126806
1610531198,967,0.127371397,119.9902106,12.82684804,0.535816813
1610531198,968,0.127007398,123.4449116,13.67692569,0.54883993
1610531198,969,0.126616395,117.0553118,12.59513105,0.522300904
1610531199,970,0.126292892,118.1637538,12.46074173,0.52851506
1610531199,971,0.126671962,117.5182143,13.07232729,0.522229435
1610531199,972,0.126994527,113.2245204,12.42658309,0.503989687
1610531199,973,0.124811789,114.7537632,13.09472885,0.508295172
1610531199,974,0.125209162,115.5629713,12.52583319,0.51518569
1610531199,975,0.125089384,117.5028955,11.98747052,0.527577125
1610531200,976,0.124925359,115.4337812,13.35755383,0.510381137
1610531200,977,0.126529016,115.9689286,12.14790391,0.519105124
1610531200,978,0.126578703,115.5410426,12.48435646,0.515283431
1610531200,979,0.126558714,118.8141802,12.15072123,0.533317295
1610531200,980,0.126580719,116.4066768,12.76693712,0.518198698
1610531200,981,0.127675185,117.6639951,12.79545639,0.524342693
1610531201,982,0.126877065,107.3689473,12.44308577,0.474629308
1610531201,983,0.124194818,115.4444623,12.73940758,0.513525274
1610531201,984,0.125488257,113.6130408,12.59280966,0.505101156
1610531201,985,0.126273405,110.7565689,11.62208461,0.495672421
1610531201,986,0.126230482,118.3310841,13.25591322,0.525375854
1610531201,987,0.124821169,112.9226268,12.9025576,0.500100346
1610531202,988,0.126726775,109.8433296,13.02888293,0.484072233
1610531202,989,0.125356166,113.93022,12.58337386,0.506734231
1610531202,990,0.124308072,113.3967049,12.79766648,0.502995192
1610531202,991,0.125608761,113.2074782,12.38881175,0.504093332
1610531202,992,0.126372889,111.3136882,11.82000771,0.497468402
1610531202,993,0.124539321,110.1147388,11.35839109,0.493781738
1610531203,994,0.12585893,110.7417303,11.7511133,0.494953085
1610531203,995,0.124477166,112.3442375,12.12769638,0.501082705
1610531203,996,0.125388081,110.8652176,12.28718446,0.492890166
1610531203,997,0.125679966,109.7581357,11.92713077,0.489155025
1610531203,998,0.123480646,112.5321159,11.93407183,0.502990221
1610531203,999,0.124368114,105.2465497,11.47658158,0.468849841
1610531204,1000,0.123718841,109.9236134,12.42537959,0.487491169
1610531204,1001,0.125189188,106.1938495,12.47194374,0.468609529
1610531204,1002,0.125283886,110.8481704,12.32548241,0.49261344
1610531204,1003,0.124710935,110.1659675,12.10674244,0.490296125
1610531204,1004,0.124943621,110.4531269,12.32121625,0.490659553
1610531204,1005,0.123964797,106.8164314,12.21716559,0.472996329
1610531205,1006,0.122985579,108.8557117,12.06564519,0.483950332
1610531205,1007,0.124297589,106.9297846,11.37284848,0.47778468
1610531205,1008,0.1246095,106.4225684,11.06007666,0.476812459
1610531205,1009,0.124417366,107.7452716,12.68718162,0.47529045
1610531205,1010,0.126101817,110.5661745,12.30443024,0.491308721
1610531205,1011,0.125117674,104.0571971,11.39500406,0.463310965
1610531206,1012,0.123937737,103.6092053,12.04624253,0.457814814
1610531206,1013,0.12497481,104.8058671,10.7892261,0.470083205
1610531206,1014,0.123676616,105.1958803,11.61980951,0.467880354
1610531206,1015,0.124587168,107.6393129,11.90825904,0.478655269
1610531206,1016,0.124561619,104.151746,11.59497757,0.462783842
1610531206,1017,0.125362826,102.7459009,11.14013854,0.458028812
1610531207,1018,0.123995171,102.5646582,12.14543224,0.45209613
1610531207,1019,0.123240919,101.7657146,11.52482573,0.451204444
1610531207,1020,0.124275558,107.7076182,12.13705379,0.477852822
1610531207,1021,0.124885746,108.601772,10.52145196,0.4904016
1610531207,1022,0.123542204,102.1956156,10.63794548,0.45778835
1610531207,1023,0.124776023,100.3601079,11.50695367,0.444265771
1610531208,1024,0.123539597,100.720184,11.18423932,0.447679723
1610531208,1025,0.123643449,101.5147381,10.92200367,0.452963672
1610531208,1026,0.121967417,101.584047,11.65387001,0.449650885
1610531208,1027,0.122027419,102.2786031,11.15978967,0.455594067
1610531208,1028,0.12152146,104.2392035,10.96914175,0.466350309
1610531208,1029,0.121855177,104.7186127,11.14796015,0.467853262
1610531209,1030,0.12315914,101.726316,10.70394187,0.45511187
1610531209,1031,0.124957185,96.40420985,10.0750626,0.431645736
1610531209,1032,0.122635762,99.18493398,11.5558591,0.438145374
1610531209,1033,0.122032155,102.7425237,11.40475729,0.456688832
1610531209,1034,0.12100527,97.88040107,11.82988052,0.430252603
1610531209,1035,0.121224898,97.77119184,11.42579733,0.431726973
1610531210,1036,0.122218173,98.14288989,10.95096009,0.435959649
1610531210,1037,0.123266794,101.4811421,11.289655,0.450957435
1610531210,1038,0.123168497,96.02608033,9.948282863,0.430388987
1610531210,1039,0.11921446,100.8138493,11.40714797,0.447033507
1610531210,1040,0.121175897,100.9401261,11.25452358,0.448428013
1610531210,1041,0.12150399,100.7880525,10.43496351,0.451765445
1610531211,1042,0.119869247,93.57845051,11.42895081,0.410747498
1610531211,1043,0.12307085,97.74483939,10.21705498,0.437638922
1610531211,1044,0.121137865,98.89549517,10.45914017,0.442181775
1610531211,1045,0.11871024,98.30755219,11.12550572,0.435910232
1610531211,1046,0.121083172,100.2930896,11.03158492,0.446307523
1610531211,1047,0.122528186,96.82474238,9.891575464,0.434665835
1610531212,1048,0.12026962,100.5431484,10.88426001,0.448294442
1610531212,1049,0.120899261,96.03757726,10.68368901,0.426769441
1610531212,1050,0.121875451,98.29086379,10.76308098,0.437638914
1610531212,1051,0.12179999,95.48404245,9.869233212,0.428074046
1610531212,1052,0.122943901,95.82793471,10.90627208,0.424608313
1610531212,1053,0.12074791,96.7563309,10.05685335,0.433497388
1610531213,1054,0.119844317,94.27551561,10.10354129,0.420859872
1610531213,1055,0.122415184,94.75157959,10.38179989,0.421848899
1610531213,1056,0.120031364,97.0969439,10.38570607,0.433556189
1610531213,1057,0.121586111,90.70107069,9.967391785,0.403668395
1610531213,1058,0.119040849,92.4938391,11.16532268,0.406642582
1610531213,1059,0.121390466,94.5129337,9.768416591,0.423722586
1610531214,1060,0.12288447,93.71117458,9.581967057,0.420646038
1610531214,1061,0.120594224,87.87318333,9.614120922,0.391295312
1610531214,1062,0.120454355,93.98106173,10.4480651,0.417664983
1610531214,1063,0.120120906,92.36654364,10.62284273,0.408718505
1610531214,1064,0.12125225,90.77888942,9.071395512,0.40853747
1610531214,1065,0.120590875,92.69638548,9.902433295,0.413969761
1610531215,1066,0.119138383,95.74853584,10.50950494,0.426195155
1610531215,1067,0.120816464,93.81307364,10.49500983,0.416590319
1610531215,1068,0.119434427,92.0019822,9.69860987,0.411516862
1610531215,1069,0.119320383,91.47938456,9.905603083,0.407868907
1610531215,1070,0.119188037,88.69885293,10.62954138,0.390346558
1610531215,1071,0.119733942,92.76380636,10.84628926,0.409587586
1610531216,1072,0.121009102,90.13315275,9.469713881,0.403317194
1610531216,1073,0.118449121,92.75500414,9.915119407,0.414199424
1610531216,1074,0.118298345,90.86384711,9.688723218,0.405875619
1610531216,1075,0.120199848,90.63844986,9.678168158,0.404801409
1610531216,1076,0.12196582,91.77122434,10.16897424,0.408011251
1610531216,1077,0.118982674,92.2303778,10.52880295,0.408507874
1610531217,1078,0.12191701,88.62138429,10.15100552,0.392351894
1610531217,1079,0.11921149,89.4922335,9.562737724,0.399647479
1610531217,1080,0.121076836,86.92210087,9.142848233,0.388896263
1610531217,1081,0.119987841,88.99242726,9.966654966,0.395128861
1610531217,1082,0.117948926,89.4765461,9.880673376,0.397979364
1610531218,1083,0.119088641,87.42318487,10.23179102,0.385956969
1610531218,1084,0.117092066,87.84599543,9.287240579,0.392793774
1610531218,1085,0.119727084,85.97073396,9.512546175,0.382290939
1610531218,1086,0.120299715,85.39992254,9.864110334,0.377679061
1610531218,1087,0.119655708,86.86367869,9.088573282,0.388875527
1610531218,1088,0.119388634,86.24126274,9.373032801,0.38434115
1610531219,1089,0.116982649,85.90815244,10.26835161,0.378199004
1610531219,1090,0.115825386,87.70947218,9.885916986,0.389117776
1610531219,1091,0.120036368,87.44836498,8.572217841,0.394380736
1610531219,1092,0.118037171,87.50167467,9.776751437,0.388624616
1610531219,1093,0.118992684,87.12346235,9.122118959,0.390006717
1610531219,1094,0.119042742,91.89141178,9.542071623,0.411746701
1610531220,1095,0.117195324,88.04025197,9.721582493,0.391593347
1610531220,1096,0.119148449,85.97120061,9.093100611,0.3843905
1610531220,1097,0.118001263,85.24484413,9.488236135,0.37878304
1610531220,1098,0.116985911,86.09715981,9.463624651,0.383167676
1610531220,1099,0.118918445,85.41951578,9.014960256,0.382022778
1610531220,1100,0.116638823,83.57119981,9.689529146,0.369408353
1610531221,1101,0.119012009,85.85991468,9.030951781,0.384144814
1610531221,1102,0.117941981,85.5884516,9.248515346,0.381699681
1610531221,1103,0.117866302,84.11311641,8.807220875,0.376529478
1610531221,1104,0.117342825,85.68316377,8.987188736,0.383479875
1610531221,1105,0.11642617,84.30742051,9.185619922,0.375609003
1610531222,1106,0.117390231,84.4603413,8.597923111,0.379312091
1610531222,1107,0.117424363,86.68589971,8.462219426,0.391118401
1610531222,1108,0.116958594,84.63374557,8.893890782,0.378699274
1610531222,1109,0.116959084,86.42584418,8.858409663,0.387837173
1610531222,1110,0.116392697,82.13065147,9.2301289,0.364502613
1610531222,1111,0.117937191,80.85083776,8.51077383,0.36170032
1610531223,1112,0.115649159,83.30629272,9.078659225,0.371138167
1610531223,1113,0.116900663,81.12444768,8.494675624,0.36314886
1610531223,1114,0.116661992,80.31004038,9.019544472,0.35645248
1610531223,1115,0.117626501,81.79868147,7.674841602,0.370619199
1610531223,1116,0.115922012,83.07305579,9.07552689,0.369987645
1610531223,1117,0.116020602,82.08449982,8.355078945,0.368647104
1610531224,1118,0.117235008,80.07424257,8.670127403,0.357020576
1610531224,1119,0.116526999,78.61581798,8.697430004,0.34959194
1610531224,1120,0.11642085,79.991107,9.05210745,0.354694998
1610531224,1121,0.1166541,83.28059921,9.203314001,0.370386426
1610531224,1122,0.116106144,79.4386828,8.460629708,0.354890265
1610531224,1123,0.117605554,79.70168185,8.042579977,0.358295509
1610531225,1124,0.11510932,77.25362193,9.025856563,0.341138827
1610531225,1125,0.115651982,77.95504574,9.285760792,0.343346425
1610531225,1126,0.115501589,78.70416558,8.680838703,0.350116634
1610531225,1127,0.116977878,79.3514058,8.534608328,0.354083987
1610531225,1128,0.116123162,77.14142635,7.975452879,0.345829867
1610531225,1129,0.116293528,79.59588364,8.70136009,0.354472618
1610531226,1130,0.117426221,77.27299726,8.018830379,0.346270834
1610531226,1131,0.117050819,78.31768386,8.472966723,0.349223586
1610531226,1132,0.115255611,79.22149807,8.218025506,0.355017363
1610531226,1133,0.115705699,75.14121977,8.229364691,0.334559275
1610531226,1134,0.115047462,77.66639947,8.842498622,0.344119504
1610531226,1135,0.113471585,78.15870306,8.624509604,0.347670967
1610531227,1136,0.115299043,76.9433249,9.074116705,0.339346041
1610531227,1137,0.114844105,77.83517878,8.170829119,0.348321748
1610531227,1138,0.115045255,77.28716124,8.326280557,0.344804403
1610531227,1139,0.115196785,73.95296105,8.042845393,0.329550578
1610531227,1140,0.115484427,82.83551398,8.539672555,0.371479207
1610531227,1141,0.114708472,77.62358487,8.410495206,0.346065448
1610531228,1142,0.114881472,76.43901741,8.138158463,0.341504295
1610531228,1143,0.11507969,76.81547229,7.691686664,0.345618928
1610531228,1144,0.116008458,74.51075457,7.73264774,0.333890534
1610531228,1145,0.114809777,76.81458926,8.19947627,0.343075565
1610531228,1146,0.114929773,74.52687113,7.707150111,0.334098605
1610531228,1147,0.115862181,74.34414389,7.534140673,0.334050016
1610531229,1148,0.116475875,73.67689719,7.255975848,0.332104607
1610531229,1149,0.114862393,75.6026949,8.498679273,0.335520078
1610531229,1150,0.114484516,74.33203225,7.81793202,0.332570501
1610531229,1151,0.11586149,70.83336782,7.304845285,0.317642613
1610531229,1152,0.115215247,73.33684989,8.268414544,0.325342177
1610531230,1153,0.11271057,75.63870568,7.745266871,0.339467194
1610531230,1154,0.115749332,74.26142874,8.368918058,0.329462553
1610531230,1155,0.113669248,75.17506486,8.03942841,0.335678182
1610531230,1156,0.113836212,73.63941947,8.002930616,0.328182444
1610531230,1157,0.114172423,72.11100622,8.423775676,0.318436153
1610531230,1158,0.11499011,74.55867895,7.761023824,0.333988276
1610531231,1159,0.11508415,70.89415334,7.692698576,0.316007274
1610531231,1160,0.114551469,71.34956746,8.008808602,0.316703794
1610531231,1161,0.114659392,72.19952012,7.050285941,0.325746171
1610531231,1162,0.114165792,73.25951298,7.797592953,0.3273096
1610531231,1163,0.11530578,72.71182301,7.508309409,0.326017568
1610531231,1164,0.114590849,73.84339057,8.135533328,0.328539286
1610531232,1165,0.114086193,70.16257179,7.577533642,0.312925191
1610531232,1166,0.114256241,72.774206,7.200668525,0.327867687
1610531232,1167,0.112749845,70.22655862,7.409645323,0.314084566
1610531232,1168,0.112899116,69.99292195,7.139944887,0.314264885
1610531232,1169,0.114544199,70.51492331,7.527668246,0.314936275
1610531232,1170,0.113028779,70.57641824,7.575819261,0.315002995
1610531233,1171,0.11549462,69.72238297,7.013780824,0.313543011
1610531233,1172,0.112654777,72.87999908,7.568273422,0.326558628
1610531233,1173,0.113669517,70.75572313,8.092850557,0.313314363
1610531233,1174,0.115017702,70.48257306,6.693057135,0.31894758
1610531233,1175,0.112599929,71.02881817,7.539445573,0.317446863
1610531233,1176,0.111769234,71.21018481,7.502784048,0.318537004
1610531234,1177,0.11293463,71.27093037,7.29022404,0.319903532
1610531234,1178,0.11132948,70.75653632,7.161316632,0.317976098
1610531234,1179,0.112490385,70.42508273,7.794077138,0.313155028
1610531234,1180,0.113127724,70.95690307,7.817538094,0.315696825
1610531234,1181,0.113687607,68.80298887,6.519665846,0.311416615
1610531234,1182,0.112141141,70.3571066,7.54817151,0.314044675
1610531235,1183,0.112141221,66.58366692,6.906659596,0.298385037
1610531235,1184,0.112811304,67.15875707,7.320809213,0.299189739
1610531235,1185,0.111433077,70.22484054,7.353427944,0.314357063
1610531235,1186,0.112273784,68.50517529,7.115081495,0.306950469
1610531235,1187,0.113953407,68.80521739,7.218199901,0.307935087
1610531235,1188,0.111990186,68.66810896,7.165394406,0.307513573
1610531236,1189,0.113508979,68.1844822,6.590204003,0.307971391
1610531236,1190,0.112302103,68.34411334,6.917281989,0.307134157
1610531236,1191,0.111513761,66.65634163,6.646314013,0.300050138
1610531236,1192,0.113037906,67.81294377,7.13535627,0.303387937
1610531236,1193,0.111653304,66.60557545,6.964045323,0.298207651
1610531236,1194,0.111649702,66.58982488,7.239089326,0.296753678
1610531237,1195,0.110347884,68.32017551,7.384917092,0.304676292
1610531237,1196,0.109620541,67.10911654,7.226485573,0.299413155
1610531237,1197,0.112117925,66.92337761,6.827999854,0.300476889
1610531237,1198,0.110508869,64.40712654,7.329394386,0.285388661
1610531237,1199,0.112169574,66.38320045,6.348513937,0.300173433
1610531238,1200,0.112734977,63.74579292,6.364350065,0.286907214
1610531238,1201,0.11184877,64.08112563,6.813098025,0.286340138
1610531238,1202,0.11159167,67.50885112,6.87434481,0.303172532
1610531238,1203,0.110990998,64.80474084,6.848070545,0.289783351
1610531238,1204,0.111659183,64.44152833,6.780657105,0.288304356
1610531238,1205,0.111115374,65.46759747,6.45731114,0.295051432
1610531239,1206,0.112388656,65.01793832,6.337689866,0.293401242
1610531239,1207,0.114450487,62.96969313,6.297123902,0.283362846
1610531239,1208,0.111329452,65.55013621,6.482087937,0.295340241
1610531239,1209,0.109717137,61.89643989,6.627898482,0.276342707
1610531239,1210,0.109170069,63.01733443,7.028349409,0.279944925
1610531239,1211,0.110501356,61.82177369,6.84572224,0.274880257
1610531240,1212,0.111737147,64.18252286,6.863027093,0.286597479
1610531240,1213,0.109487825,62.70162761,6.983168235,0.278592297
1610531240,1214,0.111860283,62.92468066,6.127395414,0.283986426
1610531240,1215,0.110344977,62.76030231,6.545441759,0.281074303
1610531240,1216,0.110977403,64.86608416,6.335439699,0.292653222
1610531240,1217,0.110056575,62.98457143,6.572345973,0.282061127
1610531241,1218,0.110932628,61.17115909,6.389455739,0.273908517
1610531241,1219,0.109981117,62.54176371,6.617714115,0.279620248
1610531241,1220,0.11033302,62.83386479,6.583047556,0.281254086
1610531241,1221,0.111189635,61.87987497,6.428007485,0.277259337
1610531241,1222,0.11049909,61.01451515,6.35979491,0.273273601
1610531241,1223,0.110775232,62.44798059,6.398449315,0.280247656
1610531242,1224,0.110633788,62.10638952,6.251368298,0.279275106
1610531242,1225,0.110974547,60.49216994,6.35973874,0.270662156
1610531242,1226,0.110668097,64.37911278,6.470137743,0.289544875
1610531242,1227,0.111210327,62.08844456,6.626820726,0.277308119
1610531242,1228,0.10936401,60.83963472,5.883991603,0.274778216
1610531242,1229,0.109716844,62.61404841,6.987937457,0.278130555
1610531243,1230,0.109649571,61.21256655,6.895410247,0.271585781
1610531243,1231,0.110688812,63.69608894,6.570309181,0.285628899
1610531243,1232,0.109776693,60.94786061,6.409502216,0.272691792
1610531243,1233,0.108717146,62.08786009,6.802456689,0.276427017
1610531243,1234,0.111376599,61.33367018,5.80849255,0.277625888
1610531244,1235,0.111603471,58.02314504,5.868071351,0.260775368
1610531244,1236,0.110820184,60.02916355,5.928656375,0.270502536
1610531244,1237,0.110568271,60.92304813,5.783981807,0.275695332
1610531244,1238,0.10909824,59.50640312,5.769772929,0.268683151
1610531244,1239,0.109038626,60.72584621,5.740330977,0.274927576
1610531244,1240,0.109056884,62.27186056,6.181449417,0.280452056
1610531245,1241,0.109151769,62.85292932,6.096821212,0.283780541
1610531245,1242,0.109633905,58.70631104,6.120885168,0.262927129
1610531245,1243,0.108357468,58.75399595,6.163900694,0.262950476
1610531245,1244,0.110446978,57.85426116,6.016675918,0.259187926
1610531245,1245,0.107418042,58.84332522,5.842136226,0.265005945
1610531245,1246,0.108361815,58.17096825,6.290245908,0.259403612
1610531246,1247,0.10913688,59.88641805,6.36422751,0.267610953
1610531246,1248,0.108806605,57.33686121,6.289469437,0.255236959
1610531246,1249,0.108006634,59.78045382,6.132568588,0.268239426
1610531246,1250,0.10833226,58.04720388,5.891498097,0.260778529
